"event_number","event_number_niskin","ship","cruise","latitude","longitude","depth_m","date_sampled","date_processed","syn_cells_per_ml","syn_biovolume_concentration","syn_carbon_concentration","syn_volume_analyzed_ml","syn_filename","redeuk_leq_2um_cells_per_ml","redeuk_leq_2um_biovolume_concentration","redeuk_leq_2um_carbon_concentration","redeuk_leq_3um_cells_per_ml","redeuk_leq_3um_biovolume_concentration","redeuk_leq_3um_carbon_concentration","redeuk_leq_5um_cells_per_ml","redeuk_leq_5um_biovolume_concentration","redeuk_leq_5um_carbon_concentration","redeuk_leq_10um_cells_per_ml","redeuk_leq_10um_biovolume_concentration","redeuk_leq_10um_carbon_concentration","redeuk_leq_20um_cells_per_ml","redeuk_leq_20um_biovolume_concentration","redeuk_leq_20um_carbon_concentration","redeuk_volume_analyzed_ml","redeuk_filename","hetprok_cells_per_ml","hetprok_carbon_concentration","hetprok_volume_analyzed_ml","hetprok_filename"
"MVCO_337","MVCO_337_01","","",41.325,-70.5657,15,2015-03-25 16:06:00,2024-06-03,NaN,NaN,NaN,NaN,"NaN",NaN,NaN,NaN,NaN,NaN,NaN,NaN,NaN,NaN,NaN,NaN,NaN,NaN,NaN,NaN,NaN,"NaN",1493312.5,29.86625,0.08,"MVCO_2015_hbac_SYBR_SSC_MV337N01.fcs"
"MVCO_337","MVCO_337_03","","",41.325,-70.5657,6,2015-03-25 16:06:00,2024-06-03,NaN,NaN,NaN,NaN,"NaN",NaN,NaN,NaN,NaN,NaN,NaN,NaN,NaN,NaN,NaN,NaN,NaN,NaN,NaN,NaN,NaN,"NaN",1443637.5,28.87275,0.08,"MVCO_2015_hbac_SYBR_SSC_MV337N03.fcs"
"MVCO_337","MVCO_337_04","","",41.325,-70.5657,2,2015-03-25 16:06:00,2024-06-03,NaN,NaN,NaN,NaN,"NaN",NaN,NaN,NaN,NaN,NaN,NaN,NaN,NaN,NaN,NaN,NaN,NaN,NaN,NaN,NaN,NaN,"NaN",1456587.5,29.13175,0.08,"MVCO_2015_hbac_SYBR_SSC_MV337N04.fcs"
"EN608_30","EN608_30_01","Endeavor","EN608",41.3223,-70.576,13.4,2018-02-05 00:03:36,2021-06-24,203.125,86.8618150171799,0.0196810450519818,0.32,"NESLTER_EN608_01Feb2018(2)_phyto_PE_SSC_C030N01.fcs",2781.25,4014.28944393697,0.840985871806356,3043.75,5951.81893290216,1.21040522117953,3384.375,18492.7191885552,3.37739825403198,3621.875,61654.0620917801,10.0985051493127,3721.875,244841.245377812,34.9250625794904,0.32,"NESLTER_EN608_01Feb2018(2)_phyto_CHL_SSC_C030N01.fcs",1224033.333,24.4806666666667,0.06,"NESLTER_EN608_01Feb2018(2)_hbac_SYBR_SSC_C030N01.fcs"
"EN608_30","EN608_30_05","Endeavor","EN608",41.3223,-70.576,10.2,2018-02-05 00:03:36,2021-06-24,221.875,119.362837315879,0.0265688959172965,0.32,"NESLTER_EN608_01Feb2018(2)_phyto_PE_SSC_C030N05.fcs",2862.5,3975.90059345378,0.835383001408735,3100,5785.99149143989,1.17994788307412,3487.5,19214.1691141639,3.50613132165563,3778.125,73608.486011599,11.9729357609602,3853.125,182166.832931793,26.8954061298728,0.32,"NESLTER_EN608_01Feb2018(2)_phyto_CHL_SSC_C030N05.fcs",1214116.667,24.2823333333333,0.06,"NESLTER_EN608_01Feb2018(2)_hbac_SYBR_SSC_C030N05.fcs"
"EN608_30","EN608_30_09","Endeavor","EN608",41.3223,-70.576,4,2018-02-05 00:03:36,2021-06-24,225,99.4962056752824,0.0224271717705867,0.32,"NESLTER_EN608_01Feb2018(2)_phyto_PE_SSC_C030N09.fcs",2759.375,4017.949523305,0.840863684691749,2975,5559.28392892248,1.13522899190363,3337.5,17627.2425136853,3.23241185808002,3578.125,57309.6971194244,9.46153584218749,3625,136020.366489679,20.1571396710947,0.32,"NESLTER_EN608_01Feb2018(2)_phyto_CHL_SSC_C030N09.fcs",1201700,24.034,0.06,"NESLTER_EN608_01Feb2018(2)_hbac_SYBR_SSC_C030N09.fcs"
"MVCO_411","MVCO_411_00","Discovery","",41.325,-70.5657,0,2019-03-09 20:00:00,2024-06-12,137.5,53.0552178696569,0.0120441947785207,0.32,"MVCO_2019_phyto_CHL_SSC_MV411N00.fcs",8159.375,9419.69088664782,1.98680514935279,9184.375,16925.4824173754,3.41901894101347,10056.25,41791.8592147076,7.78089003433347,10265.625,95804.3610767283,16.0082818143988,10387.5,228638.005905818,34.6334047122869,0.32,"MVCO_2019_phyto_CHL_SSC_MV411N00.fcs",1127150,22.543,0.08,"MVCO_2019_hbac_SYBR_SSC_MV411N00.fcs"
"MVCO_412","MVCO_412_00","Discovery","",41.325,-70.5657,0,2019-03-20 18:00:00,2024-06-17,103.125,51.3834053628328,0.0114611264965932,0.32,"MVCO_2019_phyto_CHL_SSC_MV412N00.fcs",9637.5,11085.0456553802,2.33310222560806,11371.875,24971.7502825253,4.96885922340196,12553.125,60643.4796408297,11.1975373438516,13075,140288.204251917,23.7227094919763,13162.5,242923.146507386,38.0171895889354,0.32,"MVCO_2019_phyto_CHL_SSC_MV412N00.fcs",986437.5,19.72875,0.08,"MVCO_2019_hbac_SYBR_SSC_MV412N00.fcs"
"MVCO_413","MVCO_413_00","Discovery","",41.325,-70.5657,0,2019-04-02 18:00:00,2024-06-12,109.375,37.289286571581,0.00855498338954801,0.32,"MVCO_2019_phyto_CHL_SSC_MV413N00.fcs",4375,4680.66340698281,0.993091653738827,4800,7920.90557629912,1.60987609823381,5003.125,14289.3020056938,2.71867275977153,5118.75,31576.3516865779,5.44536638036489,5168.75,116542.90652529,17.0584483396125,0.32,"MVCO_2019_phyto_CHL_SSC_MV413N00.fcs",1390725,27.8145,0.08,"MVCO_2019_hbac_SYBR_SSC_MV413N00.fcs"
"MVCO_414","MVCO_414_00","Sea Holly","",41.325,-70.5657,0,2019-04-25 19:00:00,2024-06-17,215.625,66.8167373833685,0.0154046294180329,0.32,"MVCO_2019_phyto_CHL_SSC_MV414N00.fcs",862.5,902.497234548804,0.190851451721819,1184.375,4186.39325661912,0.805927321307884,1365.625,9314.76164846302,1.70372704461475,1418.75,21494.7234289109,3.56938476010464,1903.125,683520.420604087,95.2627834258521,0.32,"MVCO_2019_phyto_CHL_SSC_MV414N00.fcs",3591612.5,71.83225,0.08,"MVCO_2019_hbac_SYBR_SSC_MV414N00.fcs"
"MVCO_415","MVCO_415_00","Blackhawk","",41.325,-70.5657,0,2019-05-01 18:00:00,2024-06-12,109.375,33.0299509324209,0.00765178890128692,0.32,"MVCO_2019_phyto_CHL_SSC_MV415N00.fcs",7934.375,13738.7933515787,2.84677401744744,8987.5,20582.7661886514,4.16263683923876,9734.375,42250.8640031435,7.95841688365984,9862.5,65306.1141037508,11.5470013934076,9900,98834.0475307698,16.3273296553785,0.32,"MVCO_2019_phyto_CHL_SSC_MV415N00.fcs",2198575,43.9715,0.08,"MVCO_2019_hbac_SYBR_SSC_MV415N00.fcs"
"MVCO_416","MVCO_416_01","Tioga","ti1031",41.325,-70.5657,12,2019-05-07 14:30:00,2024-06-12,178.125,73.3053745352038,0.0166565841841616,0.32,"MVCO_2019_phyto_CHL_SSC_MV416N01.fcs",22300,33433.5212766682,6.99290596805364,23081.25,38538.2068405773,7.97328415301111,23587.5,53150.2240758186,10.5340201291753,23678.125,71458.9332702327,13.3773390291504,23681.25,73140.9040133416,13.6252121095255,0.32,"MVCO_2019_phyto_CHL_SSC_MV416N01.fcs",1383275,27.6655,0.08,"MVCO_2019_hbac_SYBR_SSC_MV416N01.fcs"
"MVCO_416","MVCO_416_02","Tioga","ti1031",41.325,-70.5657,10,2019-05-07 14:30:00,2024-06-17,212.5,87.0690595656799,0.0197145853161913,0.32,"MVCO_2019_phyto_CHL_SSC_MV416N02.fcs",19965.625,27800.1343280899,5.83529856684293,20578.125,31823.631169159,6.60786960993391,21068.75,45359.0243638316,8.98691739368073,21143.75,56715.6857808118,10.7798102115962,21162.5,71522.9887899714,12.908093287208,0.32,"MVCO_2019_phyto_CHL_SSC_MV416N02.fcs",1254475,25.0895,0.08,"MVCO_2019_hbac_SYBR_SSC_MV416N02.fcs"
"MVCO_416","MVCO_416_03","Tioga","ti1031",41.325,-70.5657,6,2019-05-07 14:30:00,2024-06-12,250,95.1361720025217,0.0216904016226797,0.32,"MVCO_2019_phyto_CHL_SSC_MV416N03.fcs",21681.25,33946.5792737783,7.07815741035542,22784.375,41274.395561365,8.4839309205952,23328.125,57932.9604312891,11.3928723927853,23406.25,72065.6103247125,13.5949629204357,23431.25,107598.740919533,18.4403807723186,0.32,"MVCO_2019_phyto_CHL_SSC_MV416N03.fcs",1354562.5,27.09125,0.08,"MVCO_2019_hbac_SYBR_SSC_MV416N03.fcs"
"MVCO_416","MVCO_416_04","Tioga","ti1031",41.325,-70.5657,2,2019-05-07 14:30:00,2024-06-17,228.125,86.4712552415548,0.0197380126507744,0.32,"MVCO_2019_phyto_CHL_SSC_MV416N04.fcs",26262.5,38456.0635935479,8.04392103111747,27665.625,47207.0062501901,9.73006504056944,28290.625,65652.1634186693,12.9573595080693,28381.25,81653.9910443151,15.4557956215581,28400,101108.785860229,18.1993301227543,0.32,"MVCO_2019_phyto_CHL_SSC_MV416N04.fcs",1521762.5,30.43525,0.08,"MVCO_2019_hbac_SYBR_SSC_MV416N04.fcs"
"MVCO_417","MVCO_417_01","Tioga","ti1040",41.325,-70.5657,12,2019-06-10 18:29:00,2024-06-12,12434.375,4496.37318042693,1.02784499418191,0.32,"MVCO_2019_phyto_CHL_SSC_MV417N01.fcs",23903.125,24902.8067891903,5.30474599325836,25075,34969.5709786941,7.20741341378668,26315.625,71280.2210748767,13.5606767876571,26834.375,161805.083554467,27.723835713736,26900,227744.293661078,37.004214338906,0.32,"MVCO_2019_phyto_CHL_SSC_MV417N01.fcs",1894600,37.892,0.08,"MVCO_2019_hbac_SYBR_SSC_MV417N01.fcs"
"MVCO_417","MVCO_417_02","Tioga","ti1040",41.325,-70.5657,10,2019-06-10 18:29:00,2024-06-12,12200,4290.46181043265,0.982217609588714,0.32,"MVCO_2019_phyto_CHL_SSC_MV417N02.fcs",23740.625,24372.9002206348,5.1962751396959,24759.375,33209.6873100505,6.86560858331797,26112.5,72114.6357797965,13.6871783866857,26603.125,152897.556924147,26.3625016575105,26671.875,244576.259804993,39.0382142121416,0.32,"MVCO_2019_phyto_CHL_SSC_MV417N02.fcs",1901612.5,38.03225,0.08,"MVCO_2019_hbac_SYBR_SSC_MV417N02.fcs"
"MVCO_417","MVCO_417_03","Tioga","ti1040",41.325,-70.5657,6,2019-06-10 18:29:00,2024-06-12,11565.625,4199.43434346233,0.96009337120705,0.32,"MVCO_2019_phyto_CHL_SSC_MV417N03.fcs",23187.5,24165.3536241295,5.15032802569075,24071.875,32102.9688440253,6.64692336463615,25384.375,69501.7611573836,13.2078622699225,25834.375,142734.656886066,24.7237796202954,25871.875,184322.298874546,30.5439145119227,0.32,"MVCO_2019_phyto_CHL_SSC_MV417N03.fcs",1903912.5,38.07825,0.08,"MVCO_2019_hbac_SYBR_SSC_MV417N03.fcs"
"MVCO_417","MVCO_417_04","Tioga","ti1040",41.325,-70.5657,2,2019-06-10 18:29:00,2024-06-12,11440.625,3994.86919853175,0.915733270500512,0.32,"MVCO_2019_phyto_CHL_SSC_MV417N04.fcs",21868.75,21896.4464664707,4.67484212479851,22893.75,31151.7667564222,6.41883051275078,24031.25,64386.961639334,12.2341800817215,24537.5,155605.361101573,26.4628239599394,24659.375,267952.803640388,42.41824849851,0.32,"MVCO_2019_phyto_CHL_SSC_MV417N04.fcs",1950800,39.016,0.08,"MVCO_2019_hbac_SYBR_SSC_MV417N04.fcs"
"MVCO_418","MVCO_418_01","Tioga","ti1057",41.325,-70.5657,13,2019-08-02 18:30:00,2024-06-12,58393.75,24458.7087613077,5.50540315118643,0.32,"MVCO_2019_phyto_CHL_SSC_MV418N01.fcs",29275,47881.6075424074,9.943723724326,33540.625,76562.2550713241,15.4453614542358,35296.875,126919.246125611,24.271063532431,35943.75,265652.436319613,45.6679473879934,36287.5,587815.862091339,91.3534722467233,0.32,"MVCO_2019_phyto_CHL_SSC_MV418N01.fcs",2164975,43.2995,0.08,"MVCO_2019_hbac_SYBR_SSC_MV418N01.fcs"
"MVCO_418","MVCO_418_02","Tioga","ti1057",41.325,-70.5657,11,2019-08-02 18:30:00,2024-06-12,0,0,0,0.32,"MVCO_2019_phyto_PE_SSC_MV418N02.fcs",42325,71991.3696276595,14.9124853778688,50131.25,125172.725046944,25.1058356411022,53215.625,213635.15328617,40.6112205163027,54418.75,425269.000786639,73.6096564602445,54881.25,950122.965559951,147.051229778994,0.32,"MVCO_2019_phyto_CHL_SSC_MV418N02.fcs",2262562.5,45.25125,0.08,"MVCO_2019_hbac_SYBR_SSC_MV418N02.fcs"
"MVCO_418","MVCO_418_03","Tioga","ti1057",41.325,-70.5657,5,2019-08-02 18:30:00,2024-06-12,0,0,0,0.32,"MVCO_2019_phyto_PE_SSC_MV418N03.fcs",55653.125,86081.6849140968,17.9173828101036,62621.875,132069.329726708,26.7516531790822,65090.625,202797.503014057,39.1546371054769,65975,358552.471985791,63.4626798375341,66178.125,567925.870283023,92.966168010672,0.32,"MVCO_2019_phyto_CHL_SSC_MV418N03.fcs",2481587.5,49.63175,0.08,"MVCO_2019_hbac_SYBR_SSC_MV418N03.fcs"
"MVCO_418","MVCO_418_04","Tioga","ti1057",41.325,-70.5657,2,2019-08-02 18:30:00,2024-06-12,121281.25,36650.7410941778,8.40113044633233,0.32,"MVCO_2019_phyto_CHL_SSC_MV418N04.fcs",63475,94247.3282300394,19.6579282126326,70784.375,142841.640570979,28.9878414962262,73165.625,211006.602916204,40.937035378151,73940.625,346057.771986766,62.0431234201627,74090.625,517350.790908198,85.8730444925552,0.32,"MVCO_2019_phyto_CHL_SSC_MV418N04.fcs",2745037.5,54.90075,0.08,"MVCO_2019_hbac_SYBR_SSC_MV418N04.fcs"
"EN644_29","EN644_29_02","Endeavor","EN644",41.318,-70.5845,15.2,2019-08-25 04:24:27,2023-01-31,99059.375,28200.8567445046,6.52857603286873,0.32,"NESLTER_EN644_Aug2019_preserved_phyto_PE_SSC_C29N02.fcs",27465.625,30375.8398264255,6.4381149762734,28965.625,41049.3830432743,8.47830854184721,29618.75,60620.8227259089,11.8987261941552,29890.625,103263.684865908,18.6018180557786,29921.875,128210.710853338,22.1791086104889,0.32,"NESLTER_EN644_Aug2019_preserved_phyto_CHL_SSC_C29N02.fcs",2527950,50.559,0.08,"NESLTER_EN644_Aug2019_preserved_hbac_SYBR_SSC_C29N02.fcs"
"EN644_29","EN644_29_04","Endeavor","EN644",41.318,-70.5845,6.6,2019-08-25 04:24:27,2023-01-31,109887.5,28705.4159131162,6.68225279687572,0.32,"NESLTER_EN644_Aug2019_preserved_phyto_PE_SSC_C29N04.fcs",31671.875,36916.9399494419,7.80152202859225,33793.75,51910.5199573338,10.6692585971062,34575,73122.8989879638,14.399056299879,34803.125,103562.323674204,19.2448428785771,34850,160373.677334061,27.1316294586549,0.32,"NESLTER_EN644_Aug2019_preserved_phyto_CHL_SSC_C29N04.fcs",2378275,47.5655,0.08,"NESLTER_EN644_Aug2019_preserved_hbac_SYBR_SSC_C29N04.fcs"
"EN644_29","EN644_29_08","Endeavor","EN644",41.318,-70.5845,3.7,2019-08-25 04:24:27,2023-01-31,110087.5,28680.2174987907,6.67442544268221,0.32,"NESLTER_EN644_Aug2019_preserved_phyto_PE_SSC_C29N08.fcs",33600,39605.3648417228,8.36158785351963,35796.875,55008.2210675761,11.3096238248221,36615.625,78664.1292687866,15.4530041510835,36853.125,114682.876209893,21.1399270414684,36887.5,147939.55027712,25.8525160071009,0.32,"NESLTER_EN644_Aug2019_preserved_phyto_CHL_SSC_C29N08.fcs",2336462.5,46.72925,0.08,"NESLTER_EN644_Aug2019_preserved_hbac_SYBR_SSC_C29N08.fcs"
"MVCO_419","MVCO_419_01","Tioga","ti1067",41.325,-70.5657,13,2019-09-16 16:00:00,2024-06-12,0,0,0,0.32,"MVCO_2019_phyto_PE_SSC_MV419N01.fcs",13937.5,16762.6095884881,3.54096657637272,14850,23951.3739263294,4.90672398828947,15609.375,46591.9864335896,8.86651714656011,16062.5,121908.940218057,20.6956004729417,16337.5,521364.785752045,75.4782427615304,0.32,"MVCO_2019_phyto_CHL_SSC_MV419N01.fcs",3230825,64.6165,0.08,"MVCO_2019_hbac_SYBR_SSC_MV419N01.fcs"
"MVCO_419","MVCO_419_02","Tioga","ti1067",41.325,-70.5657,10,2019-09-16 16:00:00,2024-06-12,32328.125,11580.77240226,2.64548847973025,0.32,"MVCO_2019_phyto_CHL_SSC_MV419N02.fcs",11696.875,15028.513155301,3.16109057608571,12650,21660.5274432649,4.43063263594832,13246.875,40004.7576121403,7.63152413708936,13775,142217.947733879,23.5064383411623,14075,614500.608949565,88.107624163379,0.32,"MVCO_2019_phyto_CHL_SSC_MV419N02.fcs",3245550,64.911,0.08,"MVCO_2019_hbac_SYBR_SSC_MV419N02.fcs"
"MVCO_419","MVCO_419_03","Tioga","ti1067",41.325,-70.5657,6,2019-09-16 16:00:00,2024-06-12,34309.375,12172.8832349814,2.7827313972628,0.32,"MVCO_2019_phyto_CHL_SSC_MV419N03.fcs",11968.75,15130.0543513092,3.18480283725797,12900,21893.1808425082,4.47593621508628,13793.75,50975.9862955183,9.53474611387024,14284.375,122136.585412954,20.7914358924539,14481.25,433915.150018337,63.434462339896,0.32,"MVCO_2019_phyto_CHL_SSC_MV419N03.fcs",3265300,65.306,0.08,"MVCO_2019_hbac_SYBR_SSC_MV419N03.fcs"
"MVCO_419","MVCO_419_04","Tioga","ti1067",41.325,-70.5657,2,2019-09-16 16:00:00,2024-06-12,33150,10742.4781095211,2.46740547609213,0.32,"MVCO_2019_phyto_CHL_SSC_MV419N04.fcs",13384.375,15849.2638658012,3.34638691112765,14296.875,22894.7313563872,4.68629850040485,14931.25,41506.3057428863,7.9436905578523,15143.75,87356.9035756185,15.0255173405888,15462.5,648748.817232124,91.21607922165,0.32,"MVCO_2019_phyto_CHL_SSC_MV419N04.fcs",3285825,65.7165,0.08,"MVCO_2019_hbac_SYBR_SSC_MV419N04.fcs"
"MVCO_420","MVCO_420_00","Tioga","ti1076",41.325,-70.5657,0,2019-10-25 19:00:00,2024-06-12,45209.375,17767.9554349171,4.03088339336684,0.32,"MVCO_2019_phyto_CHL_SSC_MV420N00.fcs",26818.75,47528.8242850675,9.83576734900135,31790.625,78649.6757947634,15.8371346915499,32825,108733.142359899,21.1084104914154,33221.875,200755.880123066,35.2511448074296,33421.875,496997.774854181,75.8565796114386,0.32,"MVCO_2019_phyto_CHL_SSC_MV420N00.fcs",3004537.5,60.09075,0.08,"MVCO_2019_hbac_SYBR_SSC_MV420N00.fcs"
"MVCO_421","MVCO_421_00","Blackhawk","",41.325,-70.5657,0,2019-11-14 18:00:00,2024-06-17,35356.25,15082.8748588315,3.25387942106719,0.32,"MVCO_2019_phyto_CHL_SSC_MV421N00.fcs",16475,26308.0394808602,5.4733531242524,18362.5,39198.3188221168,7.94369412977352,19434.375,70886.2061129552,13.4879986740996,20043.75,198640.809587562,33.2167575421009,20343.75,679689.358365018,98.7643721500246,0.32,"MVCO_2019_phyto_CHL_SSC_MV421N00.fcs",1992075,39.8415,0.08,"MVCO_2019_hbac_SYBR_SSC_MV421N00.fcs"
"MVCO_422","MVCO_422_01","Tioga","ti1082",41.325,-70.5657,13,2019-11-21 16:00:00,2024-06-17,20209.375,6955.36797111876,1.58981496531216,0.32,"MVCO_2019_phyto_CHL_SSC_MV422N01.fcs",16978.125,23777.7247296377,4.98441273347054,17834.375,30108.4607261113,6.19148137076731,18371.875,46645.2990504397,9.07679748619181,18862.5,141167.873682851,23.7488626391478,19100,561719.830027435,80.7989519090228,0.32,"MVCO_2019_phyto_CHL_SSC_MV422N01.fcs",2061087.5,41.22175,0.08,"MVCO_2019_hbac_SYBR_SSC_MV422N01.fcs"
"MVCO_422","MVCO_422_02","Tioga","ti1082",41.325,-70.5657,10,2019-11-21 16:00:00,2024-06-12,19546.875,6884.8501363311,1.57175838890767,0.32,"MVCO_2019_phyto_CHL_SSC_MV422N02.fcs",17190.625,24351.6557565079,5.10158673912463,18228.125,31471.4194946785,6.46499781358215,18753.125,47344.6593828097,9.24029478937056,19153.125,123107.883256406,21.0486113961513,19281.25,323400.849148849,48.4482607613426,0.32,"MVCO_2019_phyto_CHL_SSC_MV422N02.fcs",2018237.5,40.36475,0.08,"MVCO_2019_hbac_SYBR_SSC_MV422N02.fcs"
"MVCO_422","MVCO_422_03","Tioga","ti1082",41.325,-70.5657,6,2019-11-21 16:00:00,2024-06-17,17812.5,6544.20691427177,1.4912350933809,0.32,"MVCO_2019_phyto_CHL_SSC_MV422N03.fcs",15300,24772.8087042547,5.1508108179919,16856.25,34932.378412244,7.10381572048216,17490.625,54777.1068755165,10.5649322312783,17959.375,150732.609966937,25.4132024021835,18150,474889.830078677,69.5111727221712,0.32,"MVCO_2019_phyto_CHL_SSC_MV422N03.fcs",1958687.5,39.17375,0.08,"MVCO_2019_hbac_SYBR_SSC_MV422N03.fcs"
"MVCO_422","MVCO_422_04","Tioga","ti1082",41.325,-70.5657,2,2019-11-21 16:00:00,2024-06-17,16678.125,6084.88993978366,1.3871530453556,0.32,"MVCO_2019_phyto_CHL_SSC_MV422N04.fcs",14987.5,24552.7960618448,5.10223162108267,16650,34649.9169403452,7.05288080294713,17181.25,50604.253566343,9.84156738265151,17600,138765.496714181,23.4869503708933,17756.25,350453.208359925,52.6842674629786,0.32,"MVCO_2019_phyto_CHL_SSC_MV422N04.fcs",1954625,39.0925,0.08,"MVCO_2019_hbac_SYBR_SSC_MV422N04.fcs"
"MVCO_423","MVCO_423_00","Tioga","ti1084",41.325,-70.5657,0,2019-12-13 13:31:00,2024-06-17,2875,964.949335800358,0.220560369355447,0.32,"MVCO_2019_phyto_CHL_SSC_MV423N00.fcs",3540.625,5590.29488274643,1.16375418967965,4140.625,10532.0465209531,2.09993287858078,4737.5,26660.6737043845,4.93824746864614,5071.875,94627.8536378885,15.4768401059985,5368.75,561444.587890693,79.3841262068606,0.32,"MVCO_2019_phyto_CHL_SSC_MV423N00.fcs",944375,18.8875,0.08,"MVCO_2019_hbac_SYBR_SSC_MV423N00.fcs"
"MVCO_424","MVCO_424_01","Tioga","ti1087",41.325,-70.5657,13,2020-01-15 19:00:00,2024-06-17,2100,858.115244561998,0.193694046136083,0.32,"MVCO_2020_phyto_CHL_SSC_MV424N01.fcs",2993.75,4836.93550746038,1.00526667080356,3500,8475.5239350123,1.70016755787206,3809.375,17357.678617587,3.25840880373523,4103.125,87320.0605634373,13.9905743028088,4468.75,655825.726201455,91.8361356510202,0.32,"MVCO_2020_phyto_CHL_SSC_MV424N01.fcs",1431625,28.6325,0.08,"MVCO_2020_hbac_SYBR_SSC_MV424N01.fcs"
"MVCO_424","MVCO_424_02","Tioga","ti1087",41.325,-70.5657,10,2020-01-15 19:00:00,2024-06-17,1859.375,730.646690204277,0.165667822932943,0.32,"MVCO_2020_phyto_CHL_SSC_MV424N02.fcs",2790.625,4967.80199856696,1.02823291020304,3215.625,7987.07746820122,1.60516632729839,3515.625,16634.4776487398,3.11978390255959,3806.25,88410.1631606729,14.1078982960518,4109.375,605636.155933648,84.5784454921525,0.32,"MVCO_2020_phyto_CHL_SSC_MV424N02.fcs",1367875,27.3575,0.08,"MVCO_2020_hbac_SYBR_SSC_MV424N02.fcs"
"MVCO_424","MVCO_424_03","Tioga","ti1087",41.325,-70.5657,5,2020-01-15 19:00:00,2024-06-17,1531.25,620.531951709759,0.140395772189965,0.32,"MVCO_2020_phyto_CHL_SSC_MV424N03.fcs",3031.25,5518.3333139902,1.14069332191209,3675,9811.33517874478,1.96457698658742,4015.625,20757.918433721,3.87060687053871,4265.625,79801.0914266846,12.9459443226586,4421.875,345141.90453719,49.0661989667643,0.32,"MVCO_2020_phyto_CHL_SSC_MV424N03.fcs",1368437.5,27.36875,0.08,"MVCO_2020_hbac_SYBR_SSC_MV424N03.fcs"
"MVCO_424","MVCO_424_04","Tioga","ti1087",41.325,-70.5657,2,2020-01-15 19:00:00,2024-06-17,1843.75,735.831001709181,0.166592325543714,0.32,"MVCO_2020_phyto_CHL_SSC_MV424N04.fcs",4131.25,7515.16397282995,1.55406274200677,4834.375,12169.8966373073,2.44816684185649,5256.25,24697.4397091865,4.6401018201831,5496.875,83438.0980730582,13.6464193388669,5712.5,446325.331519162,63.1515961490835,0.32,"MVCO_2020_phyto_CHL_SSC_MV424N04.fcs",1563450,31.269,0.08,"MVCO_2020_hbac_SYBR_SSC_MV424N04.fcs"
"EN649_2","EN649_2_01","Endeavor","EN649",41.3193,-70.5742,14.9,2020-02-01 22:58:41,2022-03-18,984.375,364.375917725484,0.0831062328554753,0.32,"NESLTER_EN649_Feb2020_preserved(1)_phyto_CHL_SSC_C02N01.fcs",5709.375,7898.9077950637,1.65504985315327,6315.625,12371.4140651562,2.507991935588,6731.25,24742.6668597646,4.67218704571964,6990.625,74220.6092670393,12.3532697150314,7168.75,345262.851254526,49.467427433257,0.32,"NESLTER_EN649_Feb2020_preserved(1)_phyto_CHL_SSC_C02N01.fcs",1637100,32.742,0.08,"NESLTER_EN649_Feb2020_preserved(1)_hbac_SYBR_SSC_C02N01.fcs"
"EN649_2","EN649_2_03","Endeavor","EN649",41.3193,-70.5742,8.1,2020-02-01 22:58:41,2022-03-21,1012.5,398.413068429388,0.0904249838113989,0.32,"NESLTER_EN649_Feb2020_preserved(3)_phyto_CHL_SSC_C02N03.fcs",5806.25,8086.66011842845,1.6935362212109,6406.25,12238.5648036159,2.48812945250117,6743.75,22542.4685482339,4.28695534895525,6871.875,49754.3059261617,8.47714801868429,6993.75,219786.625315726,31.8664383775074,0.32,"NESLTER_EN649_Feb2020_preserved(3)_phyto_CHL_SSC_C02N03.fcs",1569687.5,31.39375,0.08,"NESLTER_EN649_Feb2020_preserved(3)_hbac_SYBR_SSC_C02N03.fcs"
"EN649_2","EN649_2_06","Endeavor","EN649",41.3193,-70.5742,3.1,2020-02-01 22:58:41,2022-03-21,1046.875,378.14626508257,0.0863840926312519,0.32,"NESLTER_EN649_Feb2020_preserved(2)_phyto_CHL_SSC_C02N06.fcs",6318.75,8691.15697613484,1.82143391344458,7121.875,14370.4144942956,2.90768325183323,7512.5,26074.8572314371,4.95482561607995,7618.75,44857.5135929795,7.88244336870081,7678.125,114520.73890826,17.5941641867199,0.32,"NESLTER_EN649_Feb2020_preserved(2)_phyto_CHL_SSC_C02N06.fcs",1597275,31.9455,0.08,"NESLTER_EN649_Feb2020_preserved(2)_hbac_SYBR_SSC_C02N06.fcs"
"MVCO_425","MVCO_425_01","Tioga","ti1092",41.325,-70.5657,13,2020-02-25 21:00:00,2024-06-12,659.375,251.593837981876,0.0573734027219676,0.32,"MVCO_2020_phyto_CHL_SSC_MV425N01.fcs",3168.75,4619.04865035205,0.963611799943556,3815.625,9823.84031926598,1.95084236637608,4471.875,30996.4328322065,5.63548825342852,4715.625,83945.545828588,13.7621617580098,4990.625,507083.913541072,71.732492325137,0.32,"MVCO_2020_phyto_CHL_SSC_MV425N01.fcs",1889962.5,37.79925,0.08,"MVCO_2020_hbac_SYBR_SSC_MV425N01.fcs"
"MVCO_425","MVCO_425_02","Tioga","ti1092",41.325,-70.5657,10,2020-02-25 21:00:00,2024-06-12,612.5,244.286165230604,0.0553638614939749,0.32,"MVCO_2020_phyto_CHL_SSC_MV425N02.fcs",3343.75,4675.42371037866,0.977602107768349,3987.5,9821.34566606839,1.95426801194764,4712.5,33160.9038413118,6.0167182365438,5081.25,105542.308285044,17.191088310806,5428.125,698380.99659221,97.7446746528852,0.32,"MVCO_2020_phyto_CHL_SSC_MV425N02.fcs",1933687.5,38.67375,0.08,"MVCO_2020_hbac_SYBR_SSC_MV425N02.fcs"
"MVCO_425","MVCO_425_03","Tioga","ti1092",41.325,-70.5657,6,2020-02-25 21:00:00,2024-06-12,659.375,261.262547367034,0.0593026879749188,0.32,"MVCO_2020_phyto_CHL_SSC_MV425N03.fcs",3393.75,5237.09479127703,1.08984796962557,4243.75,12106.3487272847,2.39279369656865,5018.75,37653.1765399011,6.83079190029934,5334.375,107645.164419744,17.594728131321,5646.875,631417.623219507,88.9336488255816,0.32,"MVCO_2020_phyto_CHL_SSC_MV425N03.fcs",1929900,38.598,0.08,"MVCO_2020_hbac_SYBR_SSC_MV425N03.fcs"
"MVCO_425","MVCO_425_04","Tioga","ti1092",41.325,-70.5657,2,2020-02-25 21:00:00,2024-06-17,625,270.802347172442,0.0611256424521576,0.32,"MVCO_2020_phyto_CHL_SSC_MV425N04.fcs",3575,5688.48981610721,1.18168474793228,4781.25,15060.1378700726,2.96400227946418,5762.5,45724.5426438838,8.30802925698336,6128.125,122765.366603122,20.1698027830108,6531.25,723575.413258617,102.5906921508,0.32,"MVCO_2020_phyto_CHL_SSC_MV425N04.fcs",1843712.5,36.87425,0.08,"MVCO_2020_hbac_SYBR_SSC_MV425N04.fcs"
"MVCO_426","MVCO_426_00","Tioga","ti1094",41.325,-70.5657,0,2020-03-12 19:15:00,2024-06-17,378.125,158.830523780313,0.035784899947607,0.32,"MVCO_2020_phyto_CHL_SSC_MV426N00.fcs",4475,9177.88693465147,1.88315180091192,6181.25,21111.3787887449,4.16692237112702,7028.125,48483.226441718,8.92794042183211,7331.25,112690.697228177,18.8258924162144,7640.625,637835.224340931,90.3509689245096,0.32,"MVCO_2020_phyto_CHL_SSC_MV426N00.fcs",1886100,37.722,0.08,"MVCO_2020_hbac_SYBR_SSC_MV426N00.fcs"
"MVCO_427","MVCO_427_01","Tioga","ti1103",41.325,-70.5657,13,2020-05-28 20:15:00,2024-06-17,8750,2933.57434790643,0.672930765184143,0.32,"MVCO_2020_phyto_CHL_SSC_MV427N01.fcs",27931.25,26817.4425565904,5.72634380053909,29418.75,38731.3871023525,7.98651107283564,31365.625,96398.0520169632,18.0764781699783,32290.625,282303.231867183,46.880437185852,32456.25,451045.675043928,70.5835318567949,0.32,"MVCO_2020_phyto_CHL_SSC_MV427N01.fcs",2720100,54.402,0.08,"MVCO_2020_hbac_SYBR_SSC_MV427N01.fcs"
"MVCO_427","MVCO_427_02","Tioga","ti1103",41.325,-70.5657,10,2020-05-28 20:15:00,2024-06-17,8006.25,2583.69349276387,0.595191174284475,0.32,"MVCO_2020_phyto_CHL_SSC_MV427N02.fcs",24721.875,23788.1344155854,5.0681832264732,26106.25,34575.8328710895,7.11787704301371,28059.375,91764.0111633441,17.1320048025079,28743.75,216754.224363337,36.6094704253531,28853.125,341534.32662764,54.0838970301506,0.32,"MVCO_2020_phyto_CHL_SSC_MV427N02.fcs",2733262.5,54.66525,0.08,"MVCO_2020_hbac_SYBR_SSC_MV427N02.fcs"
"MVCO_427","MVCO_427_03","Tioga","ti1103",41.325,-70.5657,6,2020-05-28 20:15:00,2024-06-17,7715.625,2552.24815099224,0.586941166257857,0.32,"MVCO_2020_phyto_CHL_SSC_MV427N03.fcs",24125,22232.8505896635,4.7483645455631,25212.5,30933.9320811603,6.39953849379929,26556.25,68995.0168532188,13.0776670492157,27062.5,155857.314391675,26.6563073633578,27218.75,338412.015932649,52.1134269782698,0.32,"MVCO_2020_phyto_CHL_SSC_MV427N03.fcs",2706562.5,54.13125,0.08,"MVCO_2020_hbac_SYBR_SSC_MV427N03.fcs"
"MVCO_427","MVCO_427_04","Tioga","ti1103",41.325,-70.5657,2,2020-05-28 20:15:00,2024-06-17,6756.25,2298.36947285463,0.527272223550304,0.32,"MVCO_2020_phyto_CHL_SSC_MV427N04.fcs",27790.625,22958.769200723,4.93578578235857,28609.375,29345.4795280679,6.14956724829568,29653.125,58803.0209168126,11.3196085723244,29937.5,119691.700953668,20.7054975570716,30065.625,264388.812466056,40.9740447487134,0.32,"MVCO_2020_phyto_CHL_SSC_MV427N04.fcs",2723062.5,54.46125,0.08,"MVCO_2020_hbac_SYBR_SSC_MV427N04.fcs"
"MVCO_428","MVCO_428_01","Tioga","ti1104",41.325,-70.5657,13,2020-06-01 15:15:00,2024-06-17,11425,4284.82702122947,0.976963161615789,0.32,"MVCO_2020_phyto_CHL_SSC_MV428N01.fcs",23840.625,24275.8257768012,5.1829150275235,25084.375,34288.2409138921,7.08273212889161,26753.125,86005.9197295902,16.0996316620546,28315.625,381701.386640341,62.1083098992549,28553.125,685880.399406382,104.249711647612,0.32,"MVCO_2020_phyto_CHL_SSC_MV428N01.fcs",3924725,78.4945,0.08,"MVCO_2020_hbac_SYBR_SSC_MV428N01.fcs"
"MVCO_428","MVCO_428_02","Tioga","ti1104",41.325,-70.5657,10,2020-06-01 15:15:00,2024-06-17,11243.75,4118.89659787933,0.940642900521803,0.32,"MVCO_2020_phyto_CHL_SSC_MV428N02.fcs",24193.75,23808.801830558,5.09038240608202,25278.125,33194.1843564466,6.86360313838501,26856.25,81920.4405709517,15.3645003421767,28106.25,321225.064972821,52.574497050858,28409.375,671948.652977773,101.536495593547,0.32,"MVCO_2020_phyto_CHL_SSC_MV428N02.fcs",3763925,75.2785,0.08,"MVCO_2020_hbac_SYBR_SSC_MV428N02.fcs"
"MVCO_428","MVCO_428_03","Tioga","ti1104",41.325,-70.5657,6,2020-06-01 15:15:00,2024-06-17,11843.75,4123.50530702833,0.944643156046609,0.32,"MVCO_2020_phyto_CHL_SSC_MV428N03.fcs",25000,23115.0007983819,4.95838306425776,25968.75,31402.3082068254,6.52497630766274,27434.375,73969.4373894053,13.9821887534292,28146.875,223150.352016144,37.0371867466701,28359.375,497355.708567225,75.000086352819,0.32,"MVCO_2020_phyto_CHL_SSC_MV428N03.fcs",3600075,72.0015,0.08,"MVCO_2020_hbac_SYBR_SSC_MV428N03.fcs"
"MVCO_428","MVCO_428_04","Tioga","ti1104",41.325,-70.5657,2,2020-06-01 15:15:00,2024-06-17,12606.25,4226.52733320936,0.969749596422272,0.32,"MVCO_2020_phyto_CHL_SSC_MV428N04.fcs",35415.625,27634.6508517659,5.98335438857008,36306.25,35228.7472038561,7.41904917127338,37737.5,74885.4982809958,14.3863186543178,38100,147660.021415389,25.6641846274538,38203.125,262480.763266383,41.6547850742913,0.32,"MVCO_2020_phyto_CHL_SSC_MV428N04.fcs",3601237.5,72.02475,0.08,"MVCO_2020_hbac_SYBR_SSC_MV428N04.fcs"
"MVCO_429","MVCO_429_00","Tioga","ti1108",41.325,-70.5657,0,2020-06-29 15:15:00,2024-06-17,89503.125,33187.2392575173,7.54017855111397,0.32,"MVCO_2020_phyto_CHL_SSC_MV429N00.fcs",63478.125,63254.1411022174,13.4694249442419,66221.875,83924.8295059523,17.4059047082993,68818.75,169012.423232775,32.2037928035603,69865.625,341487.17001314,59.2348403010963,70068.75,564468.633877241,90.5209453798221,0.32,"MVCO_2020_phyto_CHL_SSC_MV429N00.fcs",2649625,52.9925,0.08,"MVCO_2020_hbac_SYBR_SSC_MV429N00.fcs"
"MVCO_430","MVCO_430_01","Tioga","ti1114",41.325,-70.5657,13,2020-07-23 14:00:00,2024-06-17,83287.5,28775.4665128907,6.57128335193774,0.32,"MVCO_2020_phyto_CHL_SSC_MV430N01.fcs",34743.75,35185.1502574877,7.49602640007822,37196.875,54808.0106707305,11.2215494279904,39140.625,113897.080426922,21.5412140610075,39890.625,270566.007478968,45.7106173243531,40084.375,479735.848917823,75.032005788886,0.32,"MVCO_2020_phyto_CHL_SSC_MV430N01.fcs",2730300,54.606,0.08,"MVCO_2020_hbac_SYBR_SSC_MV430N01.fcs"
"MVCO_430","MVCO_430_02","Tioga","ti1114",41.325,-70.5657,10,2020-07-23 14:00:00,2024-06-17,86125,28487.5009506915,6.52200853173843,0.32,"MVCO_2020_phyto_CHL_SSC_MV430N02.fcs",32184.375,34308.1736568055,7.28503922105432,34656.25,53856.6183430282,10.9980019401193,36440.625,107430.269676836,20.3600384312466,37212.5,265904.777486292,44.8307152958573,37384.375,453474.761003562,71.0941580156546,0.32,"MVCO_2020_phyto_CHL_SSC_MV430N02.fcs",2834875,56.6975,0.08,"MVCO_2020_hbac_SYBR_SSC_MV430N02.fcs"
"MVCO_430","MVCO_430_03","Tioga","ti1114",41.325,-70.5657,6,2020-07-23 14:00:00,2024-06-17,96265.625,32799.6409460447,7.47839750167752,0.32,"MVCO_2020_phyto_PE_SSC_MV430N03.fcs",35584.375,37231.3481194986,7.91333125536128,38106.25,56339.9584136371,11.5523888681861,40043.75,115358.439000416,21.8584251107305,40690.625,236326.297927842,40.6506119310818,40893.75,504380.469131993,77.7196334449603,0.32,"MVCO_2020_phyto_CHL_SSC_MV430N03.fcs",2767587.5,55.35175,0.08,"MVCO_2020_hbac_SYBR_SSC_MV430N03.fcs"
"MVCO_430","MVCO_430_04","Tioga","ti1114",41.325,-70.5657,2,2020-07-23 14:00:00,2024-06-17,93796.875,31226.0326696287,7.12629174732584,0.32,"MVCO_2020_phyto_CHL_SSC_MV430N04.fcs",37328.125,38781.3057482229,8.23932747212124,40003.125,59035.7584645907,12.0965791150838,41775,113402.118561876,21.5831827324058,42578.125,270639.295314646,45.9486310363083,42818.75,535868.685775235,83.0303872625132,0.32,"MVCO_2020_phyto_CHL_SSC_MV430N04.fcs",2762800,55.256,0.08,"MVCO_2020_hbac_SYBR_SSC_MV430N04.fcs"
"MVCO_434","MVCO_434_01","Tioga","ti1130",41.325,-70.5657,13,2020-10-15 16:00:00,2024-06-17,130925,49825.493714687,11.3197596515659,0.32,"MVCO_2020_phyto_CHL_SSC_MV434N01.fcs",44971.875,67252.6170571543,14.0531326287803,47596.875,85080.9431093138,17.4706669096136,48421.875,107857.518718607,21.4709315351108,48743.75,167351.973353956,30.7290054527413,48884.375,369548.6635526,58.507870025228,0.32,"MVCO_2020_phyto_CHL_SSC_MV434N01.fcs",2827662.5,56.55325,0.08,"MVCO_2020_hbac_SYBR_SSC_MV434N01.fcs"
"MVCO_434","MVCO_434_02","Tioga","ti1130",41.325,-70.5657,10,2020-10-15 16:00:00,2024-06-17,129146.875,48502.6405040258,11.0301582194148,0.32,"MVCO_2020_phyto_CHL_SSC_MV434N02.fcs",43825,65810.203047881,13.7449164927495,46481.25,83260.4248210087,17.0977430075539,47243.75,105217.690183041,20.9447877117596,47634.375,190616.050218694,34.1323325118527,47800,441042.472041235,68.4990552531196,0.32,"MVCO_2020_phyto_CHL_SSC_MV434N02.fcs",2821900,56.438,0.08,"MVCO_2020_hbac_SYBR_SSC_MV434N02.fcs"
"MVCO_434","MVCO_434_03","Tioga","ti1130",41.325,-70.5657,6,2020-10-15 16:00:00,2024-06-17,149765.625,58060.6488354339,13.1812075072957,0.32,"MVCO_2020_phyto_CHL_SSC_MV434N03.fcs",46740.625,75429.4119841098,15.6872188689433,50618.75,99286.2952220371,20.2908369606616,51453.125,122091.614762256,24.3009692438326,51750,178312.047251819,33.0327223586337,51890.625,333932.965102267,54.8259845346427,0.32,"MVCO_2020_phyto_CHL_SSC_MV434N03.fcs",2881775,57.6355,0.08,"MVCO_2020_hbac_SYBR_SSC_MV434N03.fcs"
"MVCO_434","MVCO_434_04","Tioga","ti1130",41.325,-70.5657,2,2020-10-15 16:00:00,2024-06-17,155346.875,60997.9696319929,13.8433662977783,0.32,"MVCO_2020_phyto_CHL_SSC_MV434N04.fcs",48784.375,79761.304657216,16.5793358631559,53215.625,106553.358099729,21.7574340057255,54003.125,129261.332397622,25.7341411017818,54287.5,181727.99383857,33.885908947044,54396.875,324395.721414527,53.6465652300001,0.32,"MVCO_2020_phyto_CHL_SSC_MV434N04.fcs",2837237.5,56.74475,0.08,"MVCO_2020_hbac_SYBR_SSC_MV434N04.fcs"
"EN657_20","EN657_20_02","Endeavor","EN657",41.3205,-70.5778,15.7,2020-10-18 01:45:05,2022-06-10,188762.5,63507.0317197366,14.543201428387,0.32,"NESLTER_EN657_Oct2020_preserved_phyto_CHL_SSC_C20N02.fcs",60843.75,83387.5514944097,17.5281661594148,62818.75,96252.163370434,20.0012507391634,63465.625,115071.524996506,23.2945776928999,63884.375,201323.030088998,36.6346364271583,64075,421174.760461457,67.2996215752089,0.32,"NESLTER_EN657_Oct2020_preserved_phyto_CHL_SSC_C20N02.fcs",3068950,61.379,0.08,"NESLTER_EN657_Oct2020_preserved_hbac_SYBR_SSC_C20N02.fcs"
"EN657_20","EN657_20_07","Endeavor","EN657",41.3205,-70.5778,2,2020-10-18 01:45:05,2022-10-17,193265.625,67395.6906761252,15.3812558416745,0.32,"NESLTER_EN657_Oct2020_preserved(1)_phyto_CHL_SSC_C20N07.fcs",62928.125,86792.8849805778,18.2206917155718,65193.75,101623.321988502,21.0705371830731,65865.625,121955.847319347,24.6228590015668,66340.625,209597.624505249,38.2586025767646,66440.625,355540.367254227,58.2387631893734,0.32,"NESLTER_EN657_Oct2020_preserved(1)_phyto_CHL_SSC_C20N07.fcs",3106800,62.136,0.08,"NESLTER_EN657_Oct2020_preserved(1)_hbac_SYBR_SSC_C20N07.fcs"
"EN661_14","EN661_14_02","Endeavor","EN661",41.3202,-70.5765,13.7,2021-02-07 00:41:01,2022-11-30,381.25,142.684416745286,0.0323345223000318,0.32,"NESLTER_EN661_Feb2022_preserved_phyto_CHL_SSC_C14N02.fcs",2475,3852.895835358,0.80194220847977,2993.75,7920.24033965616,1.57525208899827,3840.625,41865.2637847233,7.41028848692613,4521.875,133241.605132037,21.9198395163838,4696.875,383039.349602086,56.250019141132,0.32,"NESLTER_EN661_Feb2022_preserved_phyto_CHL_SSC_C14N02.fcs",1120137.5,22.40275,0.08,"NESLTER_EN661_Feb2022_preserved_hbac_SYBR_SSC_C14N02.fcs"
"EN661_14","EN661_14_04","Endeavor","EN661",41.3202,-70.5765,8,2021-02-07 00:41:01,2022-12-01,387.5,151.553075507873,0.0341798963310248,0.32,"NESLTER_EN661_Feb2022_preserved(1)_phyto_CHL_SSC_C14N04.fcs",2528.125,4170.66264141952,0.86520205498873,3221.875,9492.40823232876,1.87782600570877,4346.875,52378.5311260346,9.27233401799768,4878.125,131594.953905059,21.7527788430622,5096.875,492693.496003961,70.9634230348105,0.32,"NESLTER_EN661_Feb2022_preserved(1)_phyto_CHL_SSC_C14N04.fcs",1141950,22.839,0.08,"NESLTER_EN661_Feb2022_preserved(1)_hbac_SYBR_SSC_C14N04.fcs"
"EN661_14","EN661_14_07","Endeavor","EN661",41.3202,-70.5765,2.5,2021-02-07 00:41:01,2022-11-30,293.75,105.924863614757,0.0241087104684815,0.32,"NESLTER_EN661_Feb2022_preserved_phyto_CHL_SSC_C14N07.fcs",2528.125,3937.71828060316,0.82042803091074,3078.125,7969.11613621705,1.58964240394697,4162.5,48574.1962188045,8.59960292256114,4756.25,121554.620568185,20.2509251612994,4856.25,280669.100985165,42.0323098518131,0.32,"NESLTER_EN661_Feb2022_preserved_phyto_CHL_SSC_C14N07.fcs",1133325,22.6665,0.08,"NESLTER_EN661_Feb2022_preserved_hbac_SYBR_SSC_C14N07.fcs"
"MVCO_440","MVCO_440_00","Tioga","ti1165",41.325,-70.5657,0,2021-05-14 18:50:00,2024-06-17,1215.625,470.715789069779,0.107065458208126,0.32,"MVCO_2021_phyto_CHL_SSC_MV440N00.fcs",21253.125,28067.7822665654,5.89946351645949,22162.5,34462.2038840606,7.1220336338522,22940.625,56655.0268951703,11.0166679892722,23475,172175.307724964,28.8594947049913,23584.375,293871.307477109,45.9000852333258,0.32,"MVCO_2021_phyto_CHL_SSC_MV440N00.fcs",2223050,44.461,0.08,"MVCO_2021_hbac_SYBR_SSC_MV440N00.fcs"
"MVCO_441","MVCO_441_00","Tioga","ti1176",41.325,-70.5657,0,2021-06-30 14:00:00,2024-06-17,38831.25,11949.8810245418,2.74299465550968,0.32,"MVCO_2021_phyto_PE_SSC_MV441N00.fcs",22496.875,23410.2795594084,4.97365803535372,25837.5,52945.3323287515,10.5482709466331,30390.625,187428.087703144,34.0821573606472,32140.625,560312.079895673,91.5156187524863,32678.125,1001617.72125089,154.493370397584,0.32,"MVCO_2021_phyto_CHL_SSC_MV441N00.fcs",1800762.5,36.01525,0.08,"MVCO_2021_hbac_SYBR_SSC_MV441N00.fcs"
"MVCO_442","MVCO_442_00","Tioga","ti1183",41.325,-70.5657,0,2021-07-15 18:30:00,2024-06-17,113950,38393.0008498773,8.74585706011403,0.32,"MVCO_2021_phyto_PE_SSC_MV442N00.fcs",NaN,NaN,NaN,NaN,NaN,NaN,NaN,NaN,NaN,NaN,NaN,NaN,NaN,NaN,NaN,NaN,"NaN",2912312.5,58.24625,0.08,"MVCO_2021_hbac_SYBR_SSC_MV442N00.fcs"
"EN668_25","EN668_25_02","Endeavor","EN668",41.3177,-70.579,15.9,2021-07-21 11:06:22,2021-08-06,87078.125,28060.7625093006,6.43310725584354,0.32,"NESLTER_EN668_July2021_preserved_phyto_CHL_SSC_C025N02.fcs",22475,23962.4067608691,5.08426465547325,25131.25,45190.8185481722,9.11383835832995,27143.75,104753.420430431,19.5306683660924,28159.375,286058.504017444,47.8067363579892,28343.75,532588.721361767,81.7846385091994,0.32,"NESLTER_EN668_July2021_preserved_phyto_CHL_SSC_C025N02.fcs",2340316.667,46.8063333333333,0.06,"NESLTER_EN668_July2021_preserved_hbac_SYBR_SSC_C025N02.fcs"
"EN668_25","EN668_25_05","Endeavor","EN668",41.3177,-70.579,10.3,2021-07-21 11:06:22,2021-08-06,97378.125,30085.1985912344,6.90633600567489,0.32,"NESLTER_EN668_July2021_preserved_phyto_CHL_SSC_C025N05.fcs",24918.75,26387.299242949,5.5984937195647,27753.125,49001.0566640848,9.89196620323242,29971.875,113920.286220963,21.257448335278,31043.75,319092.948545924,53.1074229908281,31271.875,639576.749517574,97.1457900098267,0.32,"NESLTER_EN668_July2021_preserved_phyto_CHL_SSC_C025N05.fcs",2337666.667,46.7533333333333,0.06,"NESLTER_EN668_July2021_preserved_hbac_SYBR_SSC_C025N05.fcs"
"EN668_25","EN668_25_14","Endeavor","EN668",41.3177,-70.579,4.1,2021-07-21 11:06:22,2021-08-05,118584.375,37752.6016474436,8.65610283923173,0.32,"NESLTER_EN668_July2021_preserved(2)_phyto_CHL_SSC_C025N14.fcs",30253.125,30687.928184406,6.52488262743703,33315.625,55462.6677894795,11.2254576412758,35956.25,134992.692231695,25.1220937394083,37075,347819.667262187,58.204451235667,37346.875,740483.109502428,112.129155112015,0.32,"NESLTER_EN668_July2021_preserved(2)_phyto_CHL_SSC_C025N14.fcs",2657650,53.153,0.06,"NESLTER_EN668_July2021_preserved(2)_hbac_SYBR_SSC_C025N14.fcs"
"MVCO_443","MVCO_443_03","Tioga","ti1187",41.325,-70.5657,6,2021-07-29 17:45:00,2024-06-17,56803.125,20233.3549141557,4.61939400157977,0.32,"MVCO_2021_phyto_PE_SSC_MV443N03.fcs",24837.5,33406.1179864345,7.01104685620198,27165.625,50550.7501127878,10.281194790175,28543.75,91446.3539607178,17.4329692935552,29259.375,231244.213807586,39.1188633972743,29409.375,423251.010082332,65.7222721547791,0.32,"MVCO_2021_phyto_CHL_SSC_MV443N03.fcs",1681362.5,33.62725,0.08,"MVCO_2021_hbac_SYBR_SSC_MV443N03.fcs"
"MVCO_449","MVCO_449_00","Tioga","ti1213",41.325,-70.5657,0,2021-11-04 18:00:00,2024-06-17,28371.875,10953.3368257906,2.48918231664646,0.32,"MVCO_2021_phyto_CHL_SSC_MV449N00.fcs",17243.75,28630.3576513448,5.9475666652767,19840.625,46211.0334039804,9.31928621674325,21284.375,92555.851048322,17.3849743292428,22671.875,423775.139826155,68.2505663846006,23346.875,1263484.41572373,184.704397050725,0.32,"MVCO_2021_phyto_CHL_SSC_MV449N00.fcs",2373250,47.465,0.08,"MVCO_2021_hbac_SYBR_SSC_MV449N00.fcs"
"MVCO_451","MVCO_451_00","Tioga","ti1223",41.325,-70.5657,0,2021-12-08 16:15:00,2024-06-17,31353.125,11634.5101213267,2.65126537202395,0.32,"MVCO_2021_phyto_CHL_SSC_MV451N00.fcs",18390.625,27102.1718587745,5.67432790107216,19440.625,35124.0577367103,7.20035679896602,19962.5,50371.5516010986,9.86946645707561,20393.75,133234.414380418,22.7538906540562,20596.875,479936.774230615,69.9696923623599,0.32,"MVCO_2021_phyto_CHL_SSC_MV451N00.fcs",2458100,49.162,0.08,"MVCO_2021_hbac_SYBR_SSC_MV451N00.fcs"
"AT46_23","AT46_23_03","Atlantis","AT46",41.3237,-70.5632,5.9,2022-02-21 11:38:33,2022-03-22,1640.625,462.366475919859,0.105674588834241,0.32,"NESLTER_AT46_Feb2022_preserved_phyto_CHL_SSC_C23N03.fcs",7521.875,8079.97383077354,1.713216468242,7981.25,11553.8796645573,2.37461812256443,8375,23990.2894035023,4.53987780902023,8762.5,109954.966260884,17.7946210608176,9231.25,854532.455977269,119.494410175629,0.32,"NESLTER_AT46_Feb2022_preserved_phyto_CHL_SSC_C23N03.fcs",1348350,26.967,0.08,"NESLTER_AT46_Feb2022_preserved_hbac_SYBR_SSC_C23N03.fcs"
"AT46_23","AT46_23_02","Atlantis","AT46",41.3237,-70.5632,12.2,2022-02-21 11:38:33,2022-03-22,1631.25,461.554122038857,0.104265247192793,0.32,"NESLTER_AT46_Feb2022_preserved_phyto_CHL_SSC_C23N02.fcs",7553.125,7412.79020449136,1.57328946866789,8118.75,11857.0214315239,2.41772751650002,8525,25600.2432832258,4.80319464931651,9353.125,211413.516304539,33.4342096964294,10112.5,1396691.4765776,195.522547057078,0.32,"NESLTER_AT46_Feb2022_preserved_phyto_CHL_SSC_C23N02.fcs",1269950,25.399,0.08,"NESLTER_AT46_Feb2022_preserved_hbac_SYBR_SSC_C23N02.fcs"
"AT46_23","AT46_23_07","Atlantis","AT46",41.3237,-70.5632,2,2022-02-21 11:38:33,2022-03-22,1628.125,494.182567290873,0.112171413094998,0.32,"NESLTER_AT46_Feb2022_preserved_phyto_CHL_SSC_C23N07.fcs",7468.75,7776.15213737689,1.64865114838939,7906.25,11267.3950699665,2.31116750225567,8271.875,22889.551628835,4.33580828450186,8584.375,97624.9230179089,15.8039331725122,8953.125,752838.258322027,104.775102438117,0.32,"NESLTER_AT46_Feb2022_preserved_phyto_CHL_SSC_C23N07.fcs",1335350,26.707,0.08,"NESLTER_AT46_Feb2022_preserved_hbac_SYBR_SSC_C23N07.fcs"
"MVCO_457","MVCO_457_00","Tioga","ti1250",41.325,-70.5657,0,2022-04-26 15:30:00,2024-06-12,106.25,42.4551512420471,0.00966937563112018,0.32,"MVCO_2022_phyto_CHL_SSC_MV457N00.fcs",2856.25,5612.91586035251,1.15467978528855,3512.5,10387.7751450566,2.06597583372349,4762.5,47284.1166967496,8.52808471566084,5093.75,101918.383611091,17.08892294038,5187.5,219938.878322832,33.4329658647234,0.32,"MVCO_2022_phyto_CHL_SSC_MV457N00.fcs",1828000,36.56,0.08,"MVCO_2022_hbac_SYBR_SSC_MV457N00.fcs"
